ority 3 - Permanent Rehabilitation / Reconstruction,Major repair / rehabilitation,1500000,1500000
WASH-000072,Srikhali Bhumugat Khanepani Aayojana,Nuwakot,NP0328,Bidur Municipality,NP0328301,3,Shrikhali,2026-09-27,27.846144,85.019978,750,,Emergency / Temporary Service Only,,D2,S1,Unknown - testing required,,No,Priority 3 - Permanent Rehabilitation / Reconstruction,Minor repair,0,0
WASH-000008,Kolputar Khanepani Aayojana,Nuwakot,NP0328,Belkotgadhi Municipality,NP0328302,5,Kolputar,2026-09-27,27.846144,85.019978,550,,Emergency / Temporary Service Only,,D2,S2,Yes,,No,Priority 3 - Permanent Rehabilitation / Reconstruction,Replacement of damaged components,3860000,0
WASH-000071,Syaprubeshi Khanepani yojana,Rasuwa,NP0329,Gosaikunda Rural Municipality,NP0329402,5,Syaprubesi,2026-10-01,28.162292,85.340424,400,400,Completely Non-Functional,10,D4,S3,Unknown - testing required,Yes,Yes,Priority 3 - Permanent Rehabilitation / Reconstruction,Detailed technical investigation required,30000000,30000000
WASH-000070,Chamlung Khanepani Yojana,Rasuwa,NP0329,Gosaikunda Rural Municipality,NP0329402,5,Chamlung,2026-10-01,28.157184,85.334673,350,350,Completely Non-Functional,10,D4,S3,Unknown - testing required,Yes,Yes,Priority 3 - Permanent Rehabilitation / Reconstruction,Detailed technical investigation required,25000000,25000000
WASH-000069,Timure Khanepani Yojna,Rasuwa,NP0329,Gosaikunda Rural Municipality,NP0329402,1,Timure,2026-10-01,28.252906,85.367374,300,300,Completely Non-Functional,10,D4,S3,Unknown - testing required,Yes,Yes,Priority 3 - Permanent Rehabilitation / Reconstruction,Detailed technical investigation required,30000000,30000000
WASH-000068,Ghatte Khola Rasuwa gadhi Khanepani Yojana,Rasuwa,NP0329,Gosaikunda Rural Municipality,NP0329402,2,Rasuwagadhi,2026-09-30,28.232741,85.360959,100,100,Completely Non-Functional,10,D4,S3,Unknown - testing required,Yes,No,Priority 3 - Permanent Rehabilitation / Reconstruction,Detailed technical investigation required,20000000,20000000
WASH-000067,Tallo Gerkhtar Khanepani yojana,Nuwakot,NP0328,Bidur Municipality,NP0328301,10,Gerkhutar,2026-09-30,27.942721,85.161896,150,150,Completely Non-Functional,10,D4,S3,Unknown - testing required,Yes,No,Priority 3 - Permanent Rehabilitation / Reconstruction,Detailed technical investigation required,2000000,2000000
WASH-000066,Gerkhutaar Khanepani Yojna,Nuwakot,NP0328,Bidur Municipality,NP0328301,10,Gerkhutaar,2026-09-30,27.937754,85.159407,750,750,Completely Non-Functional,10,D4,S3,Unknown - testing required,Yes,No,Priority 3 - Permanent Rehabilitation / Reconstruction,Detailed technical investigation required,3000000,3000000
WASH-000065,Kendriya Karagar Karyalay,Nuwakot,NP0328,Bidur Municipality,NP0328301,6,Centrail Jail,2026-09-30,27.880916,85.129495,1500,1500,Completely Non-Functional,10,D4,S3,Unknown - testing required,Yes,Yes,Priority 3 - Permanent Rehabilitation / Reconstruction,Detailed technical investigation required,20000000,20000000
WASH-000064,Sher Gan Shree Dada Byarek Khanepani Yojana,Nuwakot,NP0328,Bidur Municipality,NP0328301,5,Sher Gan Byarek,2026-09-30,27.892674,85.139644,690,690,Completely Non-Functional,10,D4,S3,Unknown - testing required,Yes,No,Priority 3 - Permanent Rehabilitation / Reconstruction,Detailed technical investigation required,5000000,5000000
WASH-000063,shasatra prahari tatha tallo Bidur Khanepani Aayojana,Nuwakot,NP0328,Bidur Municipality,NP0328301,4,Apf Byarek,2026-09-30,27.916387,85.142498,400,400,Completely Non-Functional,10,D4,S4,Unknown - testing required,Yes,No,Priority 3 - Permanent Rehabilitation / Reconstruction,Detailed technical investigation required,5000000,5000000
WASH-000062,belkotgadhi khanepani yojana,Nuwakot,NP0328,Belkotgadhi Municipality,NP0328302,8,belkotgadhi 8,2026-09-30,27.850991,85.044136,300,300,Completely Non-Functional,10,D4,S3,Unknown - testing required,Yes,Yes,Priority 3 - Permanent Rehabilitation / Reconstruction,Detailed technical investigation required,5000000,5000000
WASH-000061,Sisne Muhan Kalchhe Khanepani Yojna ,Nuwakot,NP0328,Belkotgadhi Municipality,NP0328302,7,kalche,2026-09-30,27.858125,85.091515,400,400,Completely Non-Functional,10,D4,S3,Unknown - testing required,Yes,Yes,Priority 3 - Permanent Rehabilitation / Reconstruction,Detailed technical investigation required,5000000,5000000
WASH-000060,Spring Protection and Small Size Water Supply Project,Nuwakot,NP0328,Bidur Municipality,NP0328301,,"Bidur,Battar",2026-09-30,27.911786,85.139784,2000,2000,Emergency / Temporary Service Only,15,D1,S3,Unknown - testing required,Yes,Yes,Priority 3 - Permanent Rehabilitation / Reconstruction,Complete system reconstruction,0,0
WASH-000059,Ratmate Khanepani Yojana,Nuwakot,NP0328,Belkotgadhi Municipality,NP0328302,7,,2026-09-30,27.854482,85.06216,1450,1450,Completely Non-Functional,20,D4,S3,Unknown - testing required,Yes,Yes,Priority 3 - Permanent Rehabilitation / Reconstruction,Detailed technical investigation required,20000000,20000000
WASH-000058,Chhabise Lift Khanepani Yojana,Nuwakot,NP0328,Belkotgadhi Municipality,NP0328302,7,Chhabise,2026-09-30,27.851598,85.076237,1350,1350,Completely Non-Functional,20,D4,S3,Unknown - testing required,Yes,Yes,Priority 3 - Permanent Rehabilitation / Reconstruction,Detailed technical investigation required,10000000,10000000
WASH-000057,Charaudi   Wsp,Dhading,NP0330,Benighat Rorang Rural Municipality,NP0330408,7,Charaudi,2026-09-04,27.803323,84.749629,1000,,Completely Non-Functional,,D3,S4,No,Yes,Yes,Priority 2 - Essential Service Restoration,Major repair / rehabilitation,1000000,1000000
WASH-000056,Malekhu Richoktar   Wsp,Dhading,NP0330,Benighat Rorang Rural Municipality,NP0330408,3,Malekhu Richoktar,2026-09-04,27.814236,84.822907,1200,,Completely Non-Functional,,D3,S4,No,Yes,Yes,Priority 2 - Essential Service Restoration,Major repair / rehabilitation,15000000,15000000
WASH-000055,Bishaltar   Wsp,Dhading,NP0330,Benighat Rorang Rural Municipality,NP0330408,5,Bishaltar ,2026-09-04,27.816912,84.761367,800,,Completely Non-Function